<?xml version="1.0" encoding="UTF-8"?>
<project-private xmlns="http://www.netbeans.org/ns/project-private/1">
    <editor-bookmarks xmlns="http://www.netbeans.org/ns/editor-bookmarks/2" lastBookmarkId="0"/>
    <open-files xmlns="http://www.netbeans.org/ns/projectui-open-files/2">
        <group>
            <file>file:/D:/2-20/PROGRAMACION%20AVANZADA/CODIGO/ProyectoSof_1/src/Programas/ConexionBD.java</file>
            <file>file:/D:/2-20/PROGRAMACION%20AVANZADA/CODIGO/ProyectoSof_1/src/Programas/Prueba.java</file>
            <file>file:/D:/2-20/PROGRAMACION%20AVANZADA/CODIGO/ProyectoSof_1/src/Modelo/Vehiculos.java</file>
        </group>
    </open-files>
</project-private>
